{"n": 4, "edges": [[1, 0], [2, 3], [1, 2]], "node2node_force_vec_matrix": [[[0.0, 0.0, 0.0], [-1.0, -1.0, 0.0], [0.0, 0.0, 0.0], [0.0, -0.0, 0.0]], [[1.0, 1.0, -0.0], [0.0, 0.0, 0.0], [-1.0, -0.0, -0.0], [-0.0, 0.0, 0.0]], [[-0.0, 0.0, 0.0], [1.0, -0.0, -0.0], [0.0, 0.0, 0.0], [-1.0, 1.0, -0.0]], [[-0.0, 0.0, 0.0], [-0.0, 0.0, 0.0], [1.0, -1.0, 0.0], [0.0, 0.0, 0.0]]], "node2node_force_mag_matrix": [[0.0, 0.0, 0.0, 0.0], [-1.4142135623730951, 0.0, -1.0, 0.0], [0.0, -1.0, 0.0, -1.4142135623730951], [0.0, 0.0, 0.0, 0.0]], "trail_forces_in": [[-1.0, -1.0, 0.0], [0.0, 0.0, 0.0], [0.0, 0.0, 0.0], [1.0, -1.0, 0.0]], "trail_forces_out": [[1.0, 1.0, -0.0], [1.0, 1.0, -0.0], [-1.0, 1.0, -0.0], [-1.0, 1.0, -0.0]], "loads": [[0.0, 0.0, 0.0], [0.0, -1.0, 0.0], [0.0, -1.0, 0.0], [0.0, 0.0, 0.0]]}